Name,Serial number,Class,DNUSAN,Short description,Category,Subcategory,Manufacturer,Model,Status(hardware_status),Substatus,Type,Count,Program,Project,PO number,PO line number,Assigned to,Owned by,Managed by,Home Location,Location,Location Details,Created,Created by,Updated,Updgted by,Cost center,Comments,Finance Type,Hardware Support Group,Hardware Support Service,Lot Number,Etag
0nameNetadapter,0Netadapter,Net Adapter-Lab,JVF,,Net Adapter-Lab - vfg,,Mellanox Technologies,ConnectX-6 VPI Adapter Card - MCX653106A-ECAT-SP,In Stock,Available,Serialwise,1,EGS-R,JKL_RASP,,,,,,,,,,,,,,,,,,,
0nameMemory,0Memory,Memory,JVF,,Memory - vfg,,Memory2.4,abcd Optane Memory,In Stock,Available,Serialwise,1,EGS-R,JKL_RASP,,,,,,,,,,,,,,,,,,,
0namePowerSupply,0PowerSupply,Power Supply,JVF,,PowerSupply - vfg,,"DONGGUAN GUANGSHU ELECTRICAL TECHNOLOGY CO.,LTD","SERVER SMPS;SERVER,I1600W,1600W,2CH,90Vac~264Vac,+12- G36234-019",In Stock,Available,Serialwise,1,EGS-R,JKL_RASP,,,,,,,,,,,,,,,,,,,
1nameNetadapter,1Netadapter,Net Adapter-Lab,JVF,,Net Adapter-Lab - vfg,,Mellanox Technologies,ConnectX-6 VPI Adapter Card - MCX653106A-ECAT-SP,In Stock,Available,Serialwise,1,EGS-R,JKL_RASP,,,,,,,,,,,,,,,,,,,
1nameMemory,1Memory,Memory,JVF,,Memory - vfg,,Memory2.4,abcd Optane Memory,In Stock,Available,Serialwise,1,EGS-R,JKL_RASP,,,,,,,,,,,,,,,,,,,
1namePowerSupply,1PowerSupply,Power Supply,JVF,,PowerSupply - vfg,,"DONGGUAN GUANGSHU ELECTRICAL TECHNOLOGY CO.,LTD","SERVER SMPS;SERVER,I1600W,1600W,2CH,90Vac~264Vac,+12- G36234-019",In Stock,Available,Serialwise,1,EGS-R,JKL_RASP,,,,,,,,,,,,,,,,,,,
2nameNetadapter,2Netadapter,Net Adapter-Lab,JVF,,Net Adapter-Lab - vfg,,Mellanox Technologies,ConnectX-6 VPI Adapter Card - MCX653106A-ECAT-SP,In Stock,Available,Serialwise,1,EGS-R,JKL_RASP,,,,,,,,,,,,,,,,,,,
2nameMemory,2Memory,Memory,JVF,,Memory - vfg,,Memory2.4,abcd Optane Memory,In Stock,Available,Serialwise,1,EGS-R,JKL_RASP,,,,,,,,,,,,,,,,,,,
2namePowerSupply,2PowerSupply,Power Supply,JVF,,PowerSupply - vfg,,"DONGGUAN GUANGSHU ELECTRICAL TECHNOLOGY CO.,LTD","SERVER SMPS;SERVER,I1600W,1600W,2CH,90Vac~264Vac,+12- G36234-019",In Stock,Available,Serialwise,1,EGS-R,JKL_RASP,,,,,,,,,,,,,,,,,,,
3nameNetadapter,3Netadapter,Net Adapter-Lab,JVF,,Net Adapter-Lab - vfg,,Mellanox Technologies,ConnectX-6 VPI Adapter Card - MCX653106A-ECAT-SP,In Stock,Available,Serialwise,1,EGS-R,JKL_RASP,,,,,,,,,,,,,,,,,,,
3nameMemory,3Memory,Memory,JVF,,Memory - vfg,,Memory2.4,abcd Optane Memory,In Stock,Available,Serialwise,1,EGS-R,JKL_RASP,,,,,,,,,,,,,,,,,,,
3namePowerSupply,3PowerSupply,Power Supply,JVF,,PowerSupply - vfg,,"DONGGUAN GUANGSHU ELECTRICAL TECHNOLOGY CO.,LTD","SERVER SMPS;SERVER,I1600W,1600W,2CH,90Vac~264Vac,+12- G36234-019",In Stock,Available,Serialwise,1,EGS-R,JKL_RASP,,,,,,,,,,,,,,,,,,,
4nameNetadapter,4Netadapter,Net Adapter-Lab,JVF,,Net Adapter-Lab - vfg,,Mellanox Technologies,ConnectX-6 VPI Adapter Card - MCX653106A-ECAT-SP,In Stock,Available,Serialwise,1,EGS-R,JKL_RASP,,,,,,,,,,,,,,,,,,,
4nameMemory,4Memory,Memory,JVF,,Memory - vfg,,Memory2.4,abcd Optane Memory,In Stock,Available,Serialwise,1,EGS-R,JKL_RASP,,,,,,,,,,,,,,,,,,,
4namePowerSupply,4PowerSupply,Power Supply,JVF,,PowerSupply - vfg,,"DONGGUAN GUANGSHU ELECTRICAL TECHNOLOGY CO.,LTD","SERVER SMPS;SERVER,I1600W,1600W,2CH,90Vac~264Vac,+12- G36234-019",In Stock,Available,Serialwise,1,EGS-R,JKL_RASP,,,,,,,,,,,,,,,,,,,
5nameNetadapter,5Netadapter,Net Adapter-Lab,JVF,,Net Adapter-Lab - vfg,,Mellanox Technologies,ConnectX-6 VPI Adapter Card - MCX653106A-ECAT-SP,In Stock,Available,Serialwise,1,EGS-R,JKL_RASP,,,,,,,,,,,,,,,,,,,
5nameMemory,5Memory,Memory,JVF,,Memory - vfg,,Memory2.4,abcd Optane Memory,In Stock,Available,Serialwise,1,EGS-R,JKL_RASP,,,,,,,,,,,,,,,,,,,
5namePowerSupply,5PowerSupply,Power Supply,JVF,,PowerSupply - vfg,,"DONGGUAN GUANGSHU ELECTRICAL TECHNOLOGY CO.,LTD","SERVER SMPS;SERVER,I1600W,1600W,2CH,90Vac~264Vac,+12- G36234-019",In Stock,Available,Serialwise,1,EGS-R,JKL_RASP,,,,,,,,,,,,,,,,,,,
6nameNetadapter,6Netadapter,Net Adapter-Lab,JVF,,Net Adapter-Lab - vfg,,Mellanox Technologies,ConnectX-6 VPI Adapter Card - MCX653106A-ECAT-SP,In Stock,Available,Serialwise,1,EGS-R,JKL_RASP,,,,,,,,,,,,,,,,,,,
6nameMemory,6Memory,Memory,JVF,,Memory - vfg,,Memory2.4,abcd Optane Memory,In Stock,Available,Serialwise,1,EGS-R,JKL_RASP,,,,,,,,,,,,,,,,,,,
6namePowerSupply,6PowerSupply,Power Supply,JVF,,PowerSupply - vfg,,"DONGGUAN GUANGSHU ELECTRICAL TECHNOLOGY CO.,LTD","SERVER SMPS;SERVER,I1600W,1600W,2CH,90Vac~264Vac,+12- G36234-019",In Stock,Available,Serialwise,1,EGS-R,JKL_RASP,,,,,,,,,,,,,,,,,,,
7nameNetadapter,7Netadapter,Net Adapter-Lab,JVF,,Net Adapter-Lab - vfg,,Mellanox Technologies,ConnectX-6 VPI Adapter Card - MCX653106A-ECAT-SP,In Stock,Available,Serialwise,1,EGS-R,JKL_RASP,,,,,,,,,,,,,,,,,,,
7nameMemory,7Memory,Memory,JVF,,Memory - vfg,,Memory2.4,abcd Optane Memory,In Stock,Available,Serialwise,1,EGS-R,JKL_RASP,,,,,,,,,,,,,,,,,,,
7namePowerSupply,7PowerSupply,Power Supply,JVF,,PowerSupply - vfg,,"DONGGUAN GUANGSHU ELECTRICAL TECHNOLOGY CO.,LTD","SERVER SMPS;SERVER,I1600W,1600W,2CH,90Vac~264Vac,+12- G36234-019",In Stock,Available,Serialwise,1,EGS-R,JKL_RASP,,,,,,,,,,,,,,,,,,,
8nameNetadapter,8Netadapter,Net Adapter-Lab,JVF,,Net Adapter-Lab - vfg,,Mellanox Technologies,ConnectX-6 VPI Adapter Card - MCX653106A-ECAT-SP,In Stock,Available,Serialwise,1,EGS-R,JKL_RASP,,,,,,,,,,,,,,,,,,,
8nameMemory,8Memory,Memory,JVF,,Memory - vfg,,Memory2.4,abcd Optane Memory,In Stock,Available,Serialwise,1,EGS-R,JKL_RASP,,,,,,,,,,,,,,,,,,,
8namePowerSupply,8PowerSupply,Power Supply,JVF,,PowerSupply - vfg,,"DONGGUAN GUANGSHU ELECTRICAL TECHNOLOGY CO.,LTD","SERVER SMPS;SERVER,I1600W,1600W,2CH,90Vac~264Vac,+12- G36234-019",In Stock,Available,Serialwise,1,EGS-R,JKL_RASP,,,,,,,,,,,,,,,,,,,
9nameNetadapter,9Netadapter,Net Adapter-Lab,JVF,,Net Adapter-Lab - vfg,,Mellanox Technologies,ConnectX-6 VPI Adapter Card - MCX653106A-ECAT-SP,In Stock,Available,Serialwise,1,EGS-R,JKL_RASP,,,,,,,,,,,,,,,,,,,
9nameMemory,9Memory,Memory,JVF,,Memory - vfg,,Memory2.4,abcd Optane Memory,In Stock,Available,Serialwise,1,EGS-R,JKL_RASP,,,,,,,,,,,,,,,,,,,
9namePowerSupply,9PowerSupply,Power Supply,JVF,,PowerSupply - vfg,,"DONGGUAN GUANGSHU ELECTRICAL TECHNOLOGY CO.,LTD","SERVER SMPS;SERVER,I1600W,1600W,2CH,90Vac~264Vac,+12- G36234-019",In Stock,Available,Serialwise,1,EGS-R,JKL_RASP,,,,,,,,,,,,,,,,,,,
10nameNetadapter,10Netadapter,Net Adapter-Lab,JVF,,Net Adapter-Lab - vfg,,Mellanox Technologies,ConnectX-6 VPI Adapter Card - MCX653106A-ECAT-SP,In Stock,Available,Serialwise,1,EGS-R,JKL_RASP,,,,,,,,,,,,,,,,,,,
10nameMemory,10Memory,Memory,JVF,,Memory - vfg,,Memory2.4,abcd Optane Memory,In Stock,Available,Serialwise,1,EGS-R,JKL_RASP,,,,,,,,,,,,,,,,,,,
10namePowerSupply,10PowerSupply,Power Supply,JVF,,PowerSupply - vfg,,"DONGGUAN GUANGSHU ELECTRICAL TECHNOLOGY CO.,LTD","SERVER SMPS;SERVER,I1600W,1600W,2CH,90Vac~264Vac,+12- G36234-019",In Stock,Available,Serialwise,1,EGS-R,JKL_RASP,,,,,,,,,,,,,,,,,,,
11nameNetadapter,11Netadapter,Net Adapter-Lab,JVF,,Net Adapter-Lab - vfg,,Mellanox Technologies,ConnectX-6 VPI Adapter Card - MCX653106A-ECAT-SP,In Stock,Available,Serialwise,1,EGS-R,JKL_RASP,,,,,,,,,,,,,,,,,,,
11nameMemory,11Memory,Memory,JVF,,Memory - vfg,,Memory2.4,abcd Optane Memory,In Stock,Available,Serialwise,1,EGS-R,JKL_RASP,,,,,,,,,,,,,,,,,,,
11namePowerSupply,11PowerSupply,Power Supply,JVF,,PowerSupply - vfg,,"DONGGUAN GUANGSHU ELECTRICAL TECHNOLOGY CO.,LTD","SERVER SMPS;SERVER,I1600W,1600W,2CH,90Vac~264Vac,+12- G36234-019",In Stock,Available,Serialwise,1,EGS-R,JKL_RASP,,,,,,,,,,,,,,,,,,,
12nameNetadapter,12Netadapter,Net Adapter-Lab,JVF,,Net Adapter-Lab - vfg,,Mellanox Technologies,ConnectX-6 VPI Adapter Card - MCX653106A-ECAT-SP,In Stock,Available,Serialwise,1,EGS-R,JKL_RASP,,,,,,,,,,,,,,,,,,,
12nameMemory,12Memory,Memory,JVF,,Memory - vfg,,Memory2.4,abcd Optane Memory,In Stock,Available,Serialwise,1,EGS-R,JKL_RASP,,,,,,,,,,,,,,,,,,,
12namePowerSupply,12PowerSupply,Power Supply,JVF,,PowerSupply - vfg,,"DONGGUAN GUANGSHU ELECTRICAL TECHNOLOGY CO.,LTD","SERVER SMPS;SERVER,I1600W,1600W,2CH,90Vac~264Vac,+12- G36234-019",In Stock,Available,Serialwise,1,EGS-R,JKL_RASP,,,,,,,,,,,,,,,,,,,
13nameNetadapter,13Netadapter,Net Adapter-Lab,JVF,,Net Adapter-Lab - vfg,,Mellanox Technologies,ConnectX-6 VPI Adapter Card - MCX653106A-ECAT-SP,In Stock,Available,Serialwise,1,EGS-R,JKL_RASP,,,,,,,,,,,,,,,,,,,
13nameMemory,13Memory,Memory,JVF,,Memory - vfg,,Memory2.4,abcd Optane Memory,In Stock,Available,Serialwise,1,EGS-R,JKL_RASP,,,,,,,,,,,,,,,,,,,
13namePowerSupply,13PowerSupply,Power Supply,JVF,,PowerSupply - vfg,,"DONGGUAN GUANGSHU ELECTRICAL TECHNOLOGY CO.,LTD","SERVER SMPS;SERVER,I1600W,1600W,2CH,90Vac~264Vac,+12- G36234-019",In Stock,Available,Serialwise,1,EGS-R,JKL_RASP,,,,,,,,,,,,,,,,,,,
14nameNetadapter,14Netadapter,Net Adapter-Lab,JVF,,Net Adapter-Lab - vfg,,Mellanox Technologies,ConnectX-6 VPI Adapter Card - MCX653106A-ECAT-SP,In Stock,Available,Serialwise,1,EGS-R,JKL_RASP,,,,,,,,,,,,,,,,,,,
14nameMemory,14Memory,Memory,JVF,,Memory - vfg,,Memory2.4,abcd Optane Memory,In Stock,Available,Serialwise,1,EGS-R,JKL_RASP,,,,,,,,,,,,,,,,,,,
14namePowerSupply,14PowerSupply,Power Supply,JVF,,PowerSupply - vfg,,"DONGGUAN GUANGSHU ELECTRICAL TECHNOLOGY CO.,LTD","SERVER SMPS;SERVER,I1600W,1600W,2CH,90Vac~264Vac,+12- G36234-019",In Stock,Available,Serialwise,1,EGS-R,JKL_RASP,,,,,,,,,,,,,,,,,,,
15nameNetadapter,15Netadapter,Net Adapter-Lab,JVF,,Net Adapter-Lab - vfg,,Mellanox Technologies,ConnectX-6 VPI Adapter Card - MCX653106A-ECAT-SP,In Stock,Available,Serialwise,1,EGS-R,JKL_RASP,,,,,,,,,,,,,,,,,,,
15nameMemory,15Memory,Memory,JVF,,Memory - vfg,,Memory2.4,abcd Optane Memory,In Stock,Available,Serialwise,1,EGS-R,JKL_RASP,,,,,,,,,,,,,,,,,,,
15namePowerSupply,15PowerSupply,Power Supply,JVF,,PowerSupply - vfg,,"DONGGUAN GUANGSHU ELECTRICAL TECHNOLOGY CO.,LTD","SERVER SMPS;SERVER,I1600W,1600W,2CH,90Vac~264Vac,+12- G36234-019",In Stock,Available,Serialwise,1,EGS-R,JKL_RASP,,,,,,,,,,,,,,,,,,,
16nameNetadapter,16Netadapter,Net Adapter-Lab,JVF,,Net Adapter-Lab - vfg,,Mellanox Technologies,ConnectX-6 VPI Adapter Card - MCX653106A-ECAT-SP,In Stock,Available,Serialwise,1,EGS-R,JKL_RASP,,,,,,,,,,,,,,,,,,,
16nameMemory,16Memory,Memory,JVF,,Memory - vfg,,Memory2.4,abcd Optane Memory,In Stock,Available,Serialwise,1,EGS-R,JKL_RASP,,,,,,,,,,,,,,,,,,,
16namePowerSupply,16PowerSupply,Power Supply,JVF,,PowerSupply - vfg,,"DONGGUAN GUANGSHU ELECTRICAL TECHNOLOGY CO.,LTD","SERVER SMPS;SERVER,I1600W,1600W,2CH,90Vac~264Vac,+12- G36234-019",In Stock,Available,Serialwise,1,EGS-R,JKL_RASP,,,,,,,,,,,,,,,,,,,
17nameNetadapter,17Netadapter,Net Adapter-Lab,JVF,,Net Adapter-Lab - vfg,,Mellanox Technologies,ConnectX-6 VPI Adapter Card - MCX653106A-ECAT-SP,In Stock,Available,Serialwise,1,EGS-R,JKL_RASP,,,,,,,,,,,,,,,,,,,
17nameMemory,17Memory,Memory,JVF,,Memory - vfg,,Memory2.4,abcd Optane Memory,In Stock,Available,Serialwise,1,EGS-R,JKL_RASP,,,,,,,,,,,,,,,,,,,
17namePowerSupply,17PowerSupply,Power Supply,JVF,,PowerSupply - vfg,,"DONGGUAN GUANGSHU ELECTRICAL TECHNOLOGY CO.,LTD","SERVER SMPS;SERVER,I1600W,1600W,2CH,90Vac~264Vac,+12- G36234-019",In Stock,Available,Serialwise,1,EGS-R,JKL_RASP,,,,,,,,,,,,,,,,,,,
18nameNetadapter,18Netadapter,Net Adapter-Lab,JVF,,Net Adapter-Lab - vfg,,Mellanox Technologies,ConnectX-6 VPI Adapter Card - MCX653106A-ECAT-SP,In Stock,Available,Serialwise,1,EGS-R,JKL_RASP,,,,,,,,,,,,,,,,,,,
18nameMemory,18Memory,Memory,JVF,,Memory - vfg,,Memory2.4,abcd Optane Memory,In Stock,Available,Serialwise,1,EGS-R,JKL_RASP,,,,,,,,,,,,,,,,,,,
18namePowerSupply,18PowerSupply,Power Supply,JVF,,PowerSupply - vfg,,"DONGGUAN GUANGSHU ELECTRICAL TECHNOLOGY CO.,LTD","SERVER SMPS;SERVER,I1600W,1600W,2CH,90Vac~264Vac,+12- G36234-019",In Stock,Available,Serialwise,1,EGS-R,JKL_RASP,,,,,,,,,,,,,,,,,,,
19nameNetadapter,19Netadapter,Net Adapter-Lab,JVF,,Net Adapter-Lab - vfg,,Mellanox Technologies,ConnectX-6 VPI Adapter Card - MCX653106A-ECAT-SP,In Stock,Available,Serialwise,1,EGS-R,JKL_RASP,,,,,,,,,,,,,,,,,,,
19nameMemory,19Memory,Memory,JVF,,Memory - vfg,,Memory2.4,abcd Optane Memory,In Stock,Available,Serialwise,1,EGS-R,JKL_RASP,,,,,,,,,,,,,,,,,,,
19namePowerSupply,19PowerSupply,Power Supply,JVF,,PowerSupply - vfg,,"DONGGUAN GUANGSHU ELECTRICAL TECHNOLOGY CO.,LTD","SERVER SMPS;SERVER,I1600W,1600W,2CH,90Vac~264Vac,+12- G36234-019",In Stock,Available,Serialwise,1,EGS-R,JKL_RASP,,,,,,,,,,,,,,,,,,,
20nameNetadapter,20Netadapter,Net Adapter-Lab,JVF,,Net Adapter-Lab - vfg,,Mellanox Technologies,ConnectX-6 VPI Adapter Card - MCX653106A-ECAT-SP,In Stock,Available,Serialwise,1,EGS-R,JKL_RASP,,,,,,,,,,,,,,,,,,,
20nameMemory,20Memory,Memory,JVF,,Memory - vfg,,Memory2.4,abcd Optane Memory,In Stock,Available,Serialwise,1,EGS-R,JKL_RASP,,,,,,,,,,,,,,,,,,,
20namePowerSupply,20PowerSupply,Power Supply,JVF,,PowerSupply - vfg,,"DONGGUAN GUANGSHU ELECTRICAL TECHNOLOGY CO.,LTD","SERVER SMPS;SERVER,I1600W,1600W,2CH,90Vac~264Vac,+12- G36234-019",In Stock,Available,Serialwise,1,EGS-R,JKL_RASP,,,,,,,,,,,,,,,,,,,
21nameNetadapter,21Netadapter,Net Adapter-Lab,JVF,,Net Adapter-Lab - vfg,,Mellanox Technologies,ConnectX-6 VPI Adapter Card - MCX653106A-ECAT-SP,In Stock,Available,Serialwise,1,EGS-R,JKL_RASP,,,,,,,,,,,,,,,,,,,
21nameMemory,21Memory,Memory,JVF,,Memory - vfg,,Memory2.4,abcd Optane Memory,In Stock,Available,Serialwise,1,EGS-R,JKL_RASP,,,,,,,,,,,,,,,,,,,
21namePowerSupply,21PowerSupply,Power Supply,JVF,,PowerSupply - vfg,,"DONGGUAN GUANGSHU ELECTRICAL TECHNOLOGY CO.,LTD","SERVER SMPS;SERVER,I1600W,1600W,2CH,90Vac~264Vac,+12- G36234-019",In Stock,Available,Serialwise,1,EGS-R,JKL_RASP,,,,,,,,,,,,,,,,,,,
22nameNetadapter,22Netadapter,Net Adapter-Lab,JVF,,Net Adapter-Lab - vfg,,Mellanox Technologies,ConnectX-6 VPI Adapter Card - MCX653106A-ECAT-SP,In Stock,Available,Serialwise,1,EGS-R,JKL_RASP,,,,,,,,,,,,,,,,,,,
22nameMemory,22Memory,Memory,JVF,,Memory - vfg,,Memory2.4,abcd Optane Memory,In Stock,Available,Serialwise,1,EGS-R,JKL_RASP,,,,,,,,,,,,,,,,,,,
22namePowerSupply,22PowerSupply,Power Supply,JVF,,PowerSupply - vfg,,"DONGGUAN GUANGSHU ELECTRICAL TECHNOLOGY CO.,LTD","SERVER SMPS;SERVER,I1600W,1600W,2CH,90Vac~264Vac,+12- G36234-019",In Stock,Available,Serialwise,1,EGS-R,JKL_RASP,,,,,,,,,,,,,,,,,,,
23nameNetadapter,23Netadapter,Net Adapter-Lab,JVF,,Net Adapter-Lab - vfg,,Mellanox Technologies,ConnectX-6 VPI Adapter Card - MCX653106A-ECAT-SP,In Stock,Available,Serialwise,1,EGS-R,JKL_RASP,,,,,,,,,,,,,,,,,,,
23nameMemory,23Memory,Memory,JVF,,Memory - vfg,,Memory2.4,abcd Optane Memory,In Stock,Available,Serialwise,1,EGS-R,JKL_RASP,,,,,,,,,,,,,,,,,,,
23namePowerSupply,23PowerSupply,Power Supply,JVF,,PowerSupply - vfg,,"DONGGUAN GUANGSHU ELECTRICAL TECHNOLOGY CO.,LTD","SERVER SMPS;SERVER,I1600W,1600W,2CH,90Vac~264Vac,+12- G36234-019",In Stock,Available,Serialwise,1,EGS-R,JKL_RASP,,,,,,,,,,,,,,,,,,,
24nameNetadapter,24Netadapter,Net Adapter-Lab,JVF,,Net Adapter-Lab - vfg,,Mellanox Technologies,ConnectX-6 VPI Adapter Card - MCX653106A-ECAT-SP,In Stock,Available,Serialwise,1,EGS-R,JKL_RASP,,,,,,,,,,,,,,,,,,,
24nameMemory,24Memory,Memory,JVF,,Memory - vfg,,Memory2.4,abcd Optane Memory,In Stock,Available,Serialwise,1,EGS-R,JKL_RASP,,,,,,,,,,,,,,,,,,,
24namePowerSupply,24PowerSupply,Power Supply,JVF,,PowerSupply - vfg,,"DONGGUAN GUANGSHU ELECTRICAL TECHNOLOGY CO.,LTD","SERVER SMPS;SERVER,I1600W,1600W,2CH,90Vac~264Vac,+12- G36234-019",In Stock,Available,Serialwise,1,EGS-R,JKL_RASP,,,,,,,,,,,,,,,,,,,
25nameNetadapter,25Netadapter,Net Adapter-Lab,JVF,,Net Adapter-Lab - vfg,,Mellanox Technologies,ConnectX-6 VPI Adapter Card - MCX653106A-ECAT-SP,In Stock,Available,Serialwise,1,EGS-R,JKL_RASP,,,,,,,,,,,,,,,,,,,
25nameMemory,25Memory,Memory,JVF,,Memory - vfg,,Memory2.4,abcd Optane Memory,In Stock,Available,Serialwise,1,EGS-R,JKL_RASP,,,,,,,,,,,,,,,,,,,
25namePowerSupply,25PowerSupply,Power Supply,JVF,,PowerSupply - vfg,,"DONGGUAN GUANGSHU ELECTRICAL TECHNOLOGY CO.,LTD","SERVER SMPS;SERVER,I1600W,1600W,2CH,90Vac~264Vac,+12- G36234-019",In Stock,Available,Serialwise,1,EGS-R,JKL_RASP,,,,,,,,,,,,,,,,,,,
26nameNetadapter,26Netadapter,Net Adapter-Lab,JVF,,Net Adapter-Lab - vfg,,Mellanox Technologies,ConnectX-6 VPI Adapter Card - MCX653106A-ECAT-SP,In Stock,Available,Serialwise,1,EGS-R,JKL_RASP,,,,,,,,,,,,,,,,,,,
26nameMemory,26Memory,Memory,JVF,,Memory - vfg,,Memory2.4,abcd Optane Memory,In Stock,Available,Serialwise,1,EGS-R,JKL_RASP,,,,,,,,,,,,,,,,,,,
26namePowerSupply,26PowerSupply,Power Supply,JVF,,PowerSupply - vfg,,"DONGGUAN GUANGSHU ELECTRICAL TECHNOLOGY CO.,LTD","SERVER SMPS;SERVER,I1600W,1600W,2CH,90Vac~264Vac,+12- G36234-019",In Stock,Available,Serialwise,1,EGS-R,JKL_RASP,,,,,,,,,,,,,,,,,,,
27nameNetadapter,27Netadapter,Net Adapter-Lab,JVF,,Net Adapter-Lab - vfg,,Mellanox Technologies,ConnectX-6 VPI Adapter Card - MCX653106A-ECAT-SP,In Stock,Available,Serialwise,1,EGS-R,JKL_RASP,,,,,,,,,,,,,,,,,,,
27nameMemory,27Memory,Memory,JVF,,Memory - vfg,,Memory2.4,abcd Optane Memory,In Stock,Available,Serialwise,1,EGS-R,JKL_RASP,,,,,,,,,,,,,,,,,,,
27namePowerSupply,27PowerSupply,Power Supply,JVF,,PowerSupply - vfg,,"DONGGUAN GUANGSHU ELECTRICAL TECHNOLOGY CO.,LTD","SERVER SMPS;SERVER,I1600W,1600W,2CH,90Vac~264Vac,+12- G36234-019",In Stock,Available,Serialwise,1,EGS-R,JKL_RASP,,,,,,,,,,,,,,,,,,,
28nameNetadapter,28Netadapter,Net Adapter-Lab,JVF,,Net Adapter-Lab - vfg,,Mellanox Technologies,ConnectX-6 VPI Adapter Card - MCX653106A-ECAT-SP,In Stock,Available,Serialwise,1,EGS-R,JKL_RASP,,,,,,,,,,,,,,,,,,,
28nameMemory,28Memory,Memory,JVF,,Memory - vfg,,Memory2.4,abcd Optane Memory,In Stock,Available,Serialwise,1,EGS-R,JKL_RASP,,,,,,,,,,,,,,,,,,,
28namePowerSupply,28PowerSupply,Power Supply,JVF,,PowerSupply - vfg,,"DONGGUAN GUANGSHU ELECTRICAL TECHNOLOGY CO.,LTD","SERVER SMPS;SERVER,I1600W,1600W,2CH,90Vac~264Vac,+12- G36234-019",In Stock,Available,Serialwise,1,EGS-R,JKL_RASP,,,,,,,,,,,,,,,,,,,
29nameNetadapter,29Netadapter,Net Adapter-Lab,JVF,,Net Adapter-Lab - vfg,,Mellanox Technologies,ConnectX-6 VPI Adapter Card - MCX653106A-ECAT-SP,In Stock,Available,Serialwise,1,EGS-R,JKL_RASP,,,,,,,,,,,,,,,,,,,
29nameMemory,29Memory,Memory,JVF,,Memory - vfg,,Memory2.4,abcd Optane Memory,In Stock,Available,Serialwise,1,EGS-R,JKL_RASP,,,,,,,,,,,,,,,,,,,
29namePowerSupply,29PowerSupply,Power Supply,JVF,,PowerSupply - vfg,,"DONGGUAN GUANGSHU ELECTRICAL TECHNOLOGY CO.,LTD","SERVER SMPS;SERVER,I1600W,1600W,2CH,90Vac~264Vac,+12- G36234-019",In Stock,Available,Serialwise,1,EGS-R,JKL_RASP,,,,,,,,,,,,,,,,,,,
30nameNetadapter,30Netadapter,Net Adapter-Lab,JVF,,Net Adapter-Lab - vfg,,Mellanox Technologies,ConnectX-6 VPI Adapter Card - MCX653106A-ECAT-SP,In Stock,Available,Serialwise,1,EGS-R,JKL_RASP,,,,,,,,,,,,,,,,,,,
30nameMemory,30Memory,Memory,JVF,,Memory - vfg,,Memory2.4,abcd Optane Memory,In Stock,Available,Serialwise,1,EGS-R,JKL_RASP,,,,,,,,,,,,,,,,,,,
30namePowerSupply,30PowerSupply,Power Supply,JVF,,PowerSupply - vfg,,"DONGGUAN GUANGSHU ELECTRICAL TECHNOLOGY CO.,LTD","SERVER SMPS;SERVER,I1600W,1600W,2CH,90Vac~264Vac,+12- G36234-019",In Stock,Available,Serialwise,1,EGS-R,JKL_RASP,,,,,,,,,,,,,,,,,,,
31nameNetadapter,31Netadapter,Net Adapter-Lab,JVF,,Net Adapter-Lab - vfg,,Mellanox Technologies,ConnectX-6 VPI Adapter Card - MCX653106A-ECAT-SP,In Stock,Available,Serialwise,1,EGS-R,JKL_RASP,,,,,,,,,,,,,,,,,,,
31nameMemory,31Memory,Memory,JVF,,Memory - vfg,,Memory2.4,abcd Optane Memory,In Stock,Available,Serialwise,1,EGS-R,JKL_RASP,,,,,,,,,,,,,,,,,,,
31namePowerSupply,31PowerSupply,Power Supply,JVF,,PowerSupply - vfg,,"DONGGUAN GUANGSHU ELECTRICAL TECHNOLOGY CO.,LTD","SERVER SMPS;SERVER,I1600W,1600W,2CH,90Vac~264Vac,+12- G36234-019",In Stock,Available,Serialwise,1,EGS-R,JKL_RASP,,,,,,,,,,,,,,,,,,,
32nameNetadapter,32Netadapter,Net Adapter-Lab,JVF,,Net Adapter-Lab - vfg,,Mellanox Technologies,ConnectX-6 VPI Adapter Card - MCX653106A-ECAT-SP,In Stock,Available,Serialwise,1,EGS-R,JKL_RASP,,,,,,,,,,,,,,,,,,,
32nameMemory,32Memory,Memory,JVF,,Memory - vfg,,Memory2.4,abcd Optane Memory,In Stock,Available,Serialwise,1,EGS-R,JKL_RASP,,,,,,,,,,,,,,,,,,,
32namePowerSupply,32PowerSupply,Power Supply,JVF,,PowerSupply - vfg,,"DONGGUAN GUANGSHU ELECTRICAL TECHNOLOGY CO.,LTD","SERVER SMPS;SERVER,I1600W,1600W,2CH,90Vac~264Vac,+12- G36234-019",In Stock,Available,Serialwise,1,EGS-R,JKL_RASP,,,,,,,,,,,,,,,,,,,
33nameNetadapter,33Netadapter,Net Adapter-Lab,JVF,,Net Adapter-Lab - vfg,,Mellanox Technologies,ConnectX-6 VPI Adapter Card - MCX653106A-ECAT-SP,In Stock,Available,Serialwise,1,EGS-R,JKL_RASP,,,,,,,,,,,,,,,,,,,
33nameMemory,33Memory,Memory,JVF,,Memory - vfg,,Memory2.4,abcd Optane Memory,In Stock,Available,Serialwise,1,EGS-R,JKL_RASP,,,,,,,,,,,,,,,,,,,
33namePowerSupply,33PowerSupply,Power Supply,JVF,,PowerSupply - vfg,,"DONGGUAN GUANGSHU ELECTRICAL TECHNOLOGY CO.,LTD","SERVER SMPS;SERVER,I1600W,1600W,2CH,90Vac~264Vac,+12- G36234-019",In Stock,Available,Serialwise,1,EGS-R,JKL_RASP,,,,,,,,,,,,,,,,,,,
34nameNetadapter,34Netadapter,Net Adapter-Lab,JVF,,Net Adapter-Lab - vfg,,Mellanox Technologies,ConnectX-6 VPI Adapter Card - MCX653106A-ECAT-SP,In Stock,Available,Serialwise,1,EGS-R,JKL_RASP,,,,,,,,,,,,,,,,,,,
34nameMemory,34Memory,Memory,JVF,,Memory - vfg,,Memory2.4,abcd Optane Memory,In Stock,Available,Serialwise,1,EGS-R,JKL_RASP,,,,,,,,,,,,,,,,,,,
34namePowerSupply,34PowerSupply,Power Supply,JVF,,PowerSupply - vfg,,"DONGGUAN GUANGSHU ELECTRICAL TECHNOLOGY CO.,LTD","SERVER SMPS;SERVER,I1600W,1600W,2CH,90Vac~264Vac,+12- G36234-019",In Stock,Available,Serialwise,1,EGS-R,JKL_RASP,,,,,,,,,,,,,,,,,,,
35nameNetadapter,35Netadapter,Net Adapter-Lab,JVF,,Net Adapter-Lab - vfg,,Mellanox Technologies,ConnectX-6 VPI Adapter Card - MCX653106A-ECAT-SP,In Stock,Available,Serialwise,1,EGS-R,JKL_RASP,,,,,,,,,,,,,,,,,,,
35nameMemory,35Memory,Memory,JVF,,Memory - vfg,,Memory2.4,abcd Optane Memory,In Stock,Available,Serialwise,1,EGS-R,JKL_RASP,,,,,,,,,,,,,,,,,,,
35namePowerSupply,35PowerSupply,Power Supply,JVF,,PowerSupply - vfg,,"DONGGUAN GUANGSHU ELECTRICAL TECHNOLOGY CO.,LTD","SERVER SMPS;SERVER,I1600W,1600W,2CH,90Vac~264Vac,+12- G36234-019",In Stock,Available,Serialwise,1,EGS-R,JKL_RASP,,,,,,,,,,,,,,,,,,,
36nameNetadapter,36Netadapter,Net Adapter-Lab,JVF,,Net Adapter-Lab - vfg,,Mellanox Technologies,ConnectX-6 VPI Adapter Card - MCX653106A-ECAT-SP,In Stock,Available,Serialwise,1,EGS-R,JKL_RASP,,,,,,,,,,,,,,,,,,,
36nameMemory,36Memory,Memory,JVF,,Memory - vfg,,Memory2.4,abcd Optane Memory,In Stock,Available,Serialwise,1,EGS-R,JKL_RASP,,,,,,,,,,,,,,,,,,,
36namePowerSupply,36PowerSupply,Power Supply,JVF,,PowerSupply - vfg,,"DONGGUAN GUANGSHU ELECTRICAL TECHNOLOGY CO.,LTD","SERVER SMPS;SERVER,I1600W,1600W,2CH,90Vac~264Vac,+12- G36234-019",In Stock,Available,Serialwise,1,EGS-R,JKL_RASP,,,,,,,,,,,,,,,,,,,
37nameNetadapter,37Netadapter,Net Adapter-Lab,JVF,,Net Adapter-Lab - vfg,,Mellanox Technologies,ConnectX-6 VPI Adapter Card - MCX653106A-ECAT-SP,In Stock,Available,Serialwise,1,EGS-R,JKL_RASP,,,,,,,,,,,,,,,,,,,
37nameMemory,37Memory,Memory,JVF,,Memory - vfg,,Memory2.4,abcd Optane Memory,In Stock,Available,Serialwise,1,EGS-R,JKL_RASP,,,,,,,,,,,,,,,,,,,
37namePowerSupply,37PowerSupply,Power Supply,JVF,,PowerSupply - vfg,,"DONGGUAN GUANGSHU ELECTRICAL TECHNOLOGY CO.,LTD","SERVER SMPS;SERVER,I1600W,1600W,2CH,90Vac~264Vac,+12- G36234-019",In Stock,Available,Serialwise,1,EGS-R,JKL_RASP,,,,,,,,,,,,,,,,,,,
38nameNetadapter,38Netadapter,Net Adapter-Lab,JVF,,Net Adapter-Lab - vfg,,Mellanox Technologies,ConnectX-6 VPI Adapter Card - MCX653106A-ECAT-SP,In Stock,Available,Serialwise,1,EGS-R,JKL_RASP,,,,,,,,,,,,,,,,,,,
38nameMemory,38Memory,Memory,JVF,,Memory - vfg,,Memory2.4,abcd Optane Memory,In Stock,Available,Serialwise,1,EGS-R,JKL_RASP,,,,,,,,,,,,,,,,,,,
38namePowerSupply,38PowerSupply,Power Supply,JVF,,PowerSupply - vfg,,"DONGGUAN GUANGSHU ELECTRICAL TECHNOLOGY CO.,LTD","SERVER SMPS;SERVER,I1600W,1600W,2CH,90Vac~264Vac,+12- G36234-019",In Stock,Available,Serialwise,1,EGS-R,JKL_RASP,,,,,,,,,,,,,,,,,,,
39nameNetadapter,39Netadapter,Net Adapter-Lab,JVF,,Net Adapter-Lab - vfg,,Mellanox Technologies,ConnectX-6 VPI Adapter Card - MCX653106A-ECAT-SP,In Stock,Available,Serialwise,1,EGS-R,JKL_RASP,,,,,,,,,,,,,,,,,,,
39nameMemory,39Memory,Memory,JVF,,Memory - vfg,,Memory2.4,abcd Optane Memory,In Stock,Available,Serialwise,1,EGS-R,JKL_RASP,,,,,,,,,,,,,,,,,,,
39namePowerSupply,39PowerSupply,Power Supply,JVF,,PowerSupply - vfg,,"DONGGUAN GUANGSHU ELECTRICAL TECHNOLOGY CO.,LTD","SERVER SMPS;SERVER,I1600W,1600W,2CH,90Vac~264Vac,+12- G36234-019",In Stock,Available,Serialwise,1,EGS-R,JKL_RASP,,,,,,,,,,,,,,,,,,,
39nameType1Cables,39Type1Cables,Cables,JVF,,CablesType1 - vfg,,Type1Cables,Type1Cables Optane M.2,In Stock,Available,Lotwise,50,EGS-R,JKL_RASP,,,,,,,,,,,,,,,,,,,
